scenario,delta_on,turn,phi,cv,is_drifting,S_fro_norm,step,gamma
STABLE,True,0,0.865687,0.0,0,0.1,1,0.822643
STABLE,True,1,0.92795,0.0,0,0.139857,2,0.822643
STABLE,True,2,0.887669,0.027631,0,0.154152,3,0.750814
STABLE,True,3,0.855978,0.03069,0,0.149303,4,0.744139
STABLE,True,4,0.872861,0.025506,0,0.173536,5,0.812956
STABLE,True,5,0.798198,0.047771,0,0.185224,6,0.801947
STABLE,True,6,0.816934,0.04677,0,0.204613,7,0.802501
STABLE,True,7,0.833568,0.041552,0,0.212732,8,0.805294
STABLE,True,8,0.83666,0.036879,0,0.218816,9,0.807665
STABLE,True,9,0.82113,0.034558,0,0.225012,10,0.808799
STABLE,True,10,0.886484,0.038319,0,0.231652,11,0.806947
STABLE,True,11,0.915639,0.046174,0,0.230435,12,0.802828
STABLE,True,12,0.830183,0.044172,0,0.2397,13,0.803911
STABLE,True,13,0.891769,0.042517,0,0.214864,14,0.804789
STABLE,True,14,0.84669,0.038879,0,0.219834,15,0.806665
STABLE,True,15,0.813711,0.041316,0,0.227894,16,0.805416
STABLE,True,16,0.783401,0.049363,0,0.22308,17,0.801054
STABLE,True,17,0.850516,0.044455,0,0.215618,18,0.803759
STABLE,True,18,0.882944,0.044356,0,0.225684,19,0.803812
STABLE,True,19,0.874436,0.04131,0,0.236898,20,0.80542
STABLE,True,20,0.917184,0.046845,0,0.236416,21,0.802459
STABLE,True,21,0.874317,0.041896,0,0.232297,22,0.795757
STABLE,True,22,0.827029,0.042223,0,0.232734,23,0.795254
STABLE,True,23,0.841019,0.038833,0,0.242333,24,0.800394
STABLE,True,24,0.792711,0.046418,0,0.255498,25,0.788715
STABLE,True,25,0.832383,0.041548,0,0.269874,26,0.796289
STABLE,True,26,0.840157,0.037243,0,0.261218,27,0.80276
STABLE,True,27,0.856022,0.034263,0,0.262919,28,0.807118
STABLE,True,28,0.873401,0.033671,0,0.270889,29,0.807973
STABLE,True,29,0.95,0.054315,0,0.263753,30,0.775867
STABLE,True,30,0.852365,0.049847,0,0.262081,31,0.783223
STABLE,True,31,0.822687,0.049494,0,0.262353,32,0.783794
STABLE,True,32,0.804285,0.051501,0,0.280079,33,0.780526
STABLE,True,33,0.808344,0.04956,0,0.283724,34,0.783687
STABLE,True,34,0.812972,0.045879,0,0.259817,35,0.789568
STABLE,True,35,0.817422,0.041827,0,0.272684,36,0.795862
STABLE,True,36,0.858658,0.039765,0,0.271423,37,0.798994
STABLE,True,37,0.923558,0.054004,0,0.29568,38,0.776387
STABLE,True,38,0.895022,0.051221,0,0.282199,39,0.780986
STABLE,True,39,0.921251,0.052305,0,0.306769,40,0.779204
STABLE,True,40,0.891966,0.046474,0,0.296875,41,0.788626
STABLE,True,41,0.830387,0.048121,0,0.308093,42,0.786004
STABLE,True,42,0.802422,0.053774,0,0.286971,43,0.776771
STABLE,True,43,0.770378,0.064058,0,0.28492,44,0.759056
STABLE,True,44,0.870867,0.058549,0,0.250652,45,0.768691
STABLE,True,45,0.870721,0.052792,0,0.262911,46,0.7784
STABLE,True,46,0.900519,0.052309,0,0.269777,47,0.779197
STABLE,True,47,0.900525,0.049487,0,0.277146,48,0.783806
STABLE,True,48,0.898598,0.045787,0,0.292401,49,0.789712
STABLE,True,49,0.83735,0.044934,0,0.268006,50,0.791051
STABLE,True,50,0.811944,0.048337,0,0.275714,51,0.785659
STABLE,True,51,0.793796,0.052802,0,0.251599,52,0.778383
STABLE,True,52,0.840551,0.046465,0,0.241736,53,0.788641
STABLE,True,53,0.825416,0.042588,0,0.222323,54,0.794695
STABLE,True,54,0.858298,0.039222,0,0.232039,55,0.799812
STABLE,True,55,0.898965,0.043613,0,0.242868,56,0.793111
STABLE,True,56,0.876563,0.039834,0,0.230931,57,0.798891
STABLE,True,57,0.925999,0.046812,0,0.228764,58,0.788091
STABLE,True,58,0.840555,0.044465,0,0.254932,59,0.791785
STABLE,True,59,0.819287,0.04579,0,0.267665,60,0.789707
STABLE,True,60,0.819625,0.04465,0,0.282688,61,0.791496
STABLE,True,61,0.800283,0.046564,0,0.307508,62,0.788484
STABLE,True,62,0.79629,0.046564,0,0.294152,63,0.788484
STABLE,True,63,0.870674,0.045502,0,0.28385,64,0.790161
STABLE,True,64,0.88302,0.045441,0,0.276589,65,0.790257
STABLE,True,65,0.911942,0.05009,0,0.286122,66,0.782828
STABLE,True,66,0.915807,0.050618,0,0.305078,67,0.78197
STABLE,True,67,0.871791,0.044755,0,0.299105,68,0.791332
STABLE,True,68,0.800118,0.053418,0,0.292145,69,0.777362
STABLE,True,69,0.783039,0.060614,0,0.286387,70,0.765119
STABLE,True,70,0.80046,0.057434,0,0.271315,71,0.7706
STABLE,True,71,0.830982,0.050471,0,0.290482,72,0.782209
STABLE,True,72,0.87071,0.048569,0,0.302275,73,0.785286
STABLE,True,73,0.886213,0.048034,0,0.302284,74,0.786144
STABLE,True,74,0.91113,0.05098,0,0.294412,75,0.781379
STABLE,True,75,0.874751,0.045099,0,0.307433,76,0.790793
STABLE,True,76,0.829635,0.044335,0,0.307762,77,0.791988
STABLE,True,77,0.802061,0.048052,0,0.307235,78,0.786114
STABLE,True,78,0.807448,0.046898,0,0.32089,79,0.787954
STABLE,True,79,0.803955,0.045214,0,0.315156,80,0.790613
STABLE,True,80,0.828781,0.040345,0,0.317233,81,0.798119
STABLE,True,81,0.854919,0.038055,0,0.32666,82,0.801556
STABLE,True,82,0.898583,0.044783,0,0.335912,83,0.791288
STABLE,True,83,0.910023,0.048639,0,0.316737,84,0.785174
STABLE,True,84,0.910181,0.048145,0,0.322865,85,0.785966
STABLE,True,85,0.871538,0.042685,0,0.323405,86,0.794544
STABLE,True,86,0.796815,0.05271,0,0.330346,87,0.778536
STABLE,True,87,0.812068,0.05197,0,0.328328,88,0.779755
STABLE,True,88,0.798727,0.052078,0,0.310244,89,0.779579
STABLE,True,89,0.791964,0.051416,0,0.308582,90,0.780665
STABLE,True,90,0.865997,0.049114,0,0.308993,91,0.784408
STABLE,True,91,0.899835,0.053119,0,0.304263,92,0.777858
STABLE,True,92,0.902935,0.052965,0,0.306998,93,0.778114
STABLE,True,93,0.859455,0.046744,0,0.303669,94,0.788199
STABLE,True,94,0.900888,0.045612,0,0.320313,95,0.789988
STABLE,True,95,0.816267,0.048148,0,0.311199,96,0.785961
STABLE,True,96,0.858009,0.042592,0,0.3071,97,0.794688
STABLE,True,97,0.799319,0.047819,0,0.31001,98,0.786487
STABLE,True,98,0.813555,0.045364,0,0.326014,99,0.790378
STABLE,True,99,0.880704,0.044773,0,0.344677,100,0.791303
STABLE,False,0,0.865687,0.0,0,0.0,0,0.0
STABLE,False,1,0.896893,0.025038,0,0.0,0,0.0
STABLE,False,2,0.933755,0.03791,0,0.0,0,0.0
STABLE,False,3,0.844522,0.043896,0,0.0,0,0.0
STABLE,False,4,0.840731,0.044609,0,0.0,0,0.0
STABLE,False,5,0.816922,0.054896,0,0.0,0,0.0
STABLE,False,6,0.779973,0.067341,0,0.0,0,0.0
STABLE,False,7,0.804679,0.032616,0,0.0,0,0.0
STABLE,False,8,0.826514,0.028318,0,0.0,0,0.0
STABLE,False,9,0.853463,0.033215,0,0.0,0,0.0
STABLE,False,10,0.873425,0.045064,0,0.0,0,0.0
STABLE,False,11,0.892515,0.041479,0,0.0,0,0.0
STABLE,False,12,0.886512,0.031043,0,0.0,0,0.0
STABLE,False,13,0.85879,0.0194,0,0.0,0,0.0
STABLE,False,14,0.842043,0.023653,0,0.0,0,0.0
STABLE,False,15,0.828658,0.032055,0,0.0,0,0.0
STABLE,False,16,0.829774,0.028451,0,0.0,0,0.0
STABLE,False,17,0.864833,0.019549,0,0.0,0,0.0
STABLE,False,18,0.860319,0.019937,0,0.0,0,0.0
STABLE,False,19,0.871445,0.023836,0,0.0,0,0.0
STABLE,False,20,0.867619,0.019475,0,0.0,0,0.0
STABLE,False,21,0.944285,0.039946,0,0.0,0,0.0
STABLE,False,22,0.899995,0.038835,0,0.0,0,0.0
STABLE,False,23,0.797885,0.061009,0,0.0,0,0.0
STABLE,False,24,0.778513,0.080849,0,0.0,0,0.0
STABLE,False,25,0.81432,0.084405,0,0.0,0,0.0
STABLE,False,26,0.853318,0.058378,0,0.0,0,0.0
STABLE,False,27,0.834255,0.036066,0,0.0,0,0.0
STABLE,False,28,0.88371,0.047666,0,0.0,0,0.0
STABLE,False,29,0.913412,0.045823,0,0.0,0,0.0
STABLE,False,30,0.900404,0.037413,0,0.0,0,0.0
STABLE,False,31,0.935745,0.042744,0,0.0,0,0.0
STABLE,False,32,0.889904,0.022907,0,0.0,0,0.0
STABLE,False,33,0.862806,0.030119,0,0.0,0,0.0
STABLE,False,34,0.789806,0.062444,0,0.0,0,0.0
STABLE,False,35,0.815598,0.067725,0,0.0,0,0.0
STABLE,False,36,0.864725,0.048214,0,0.0,0,0.0
STABLE,False,37,0.893364,0.049334,0,0.0,0,0.0
STABLE,False,38,0.927257,0.065248,0,0.0,0,0.0
STABLE,False,39,0.95,0.059373,0,0.0,0,0.0
STABLE,False,40,0.8631,0.04266,0,0.0,0,0.0
STABLE,False,41,0.829378,0.054204,0,0.0,0,0.0
STABLE,False,42,0.806196,0.070696,0,0.0,0,0.0
STABLE,False,43,0.804847,0.070901,0,0.0,0,0.0
STABLE,False,44,0.828606,0.028592,0,0.0,0,0.0
STABLE,False,45,0.862034,0.0281,0,0.0,0,0.0
STABLE,False,46,0.844693,0.029787,0,0.0,0,0.0
STABLE,False,47,0.891259,0.038755,0,0.0,0,0.0
STABLE,False,48,0.859988,0.027138,0,0.0,0,0.0
STABLE,False,49,0.824283,0.028769,0,0.0,0,0.0
STABLE,False,50,0.780821,0.049065,0,0.0,0,0.0
STABLE,False,51,0.767334,0.063271,0,0.0,0,0.0
STABLE,False,52,0.802441,0.045472,0,0.0,0,0.0
STABLE,False,53,0.834833,0.035407,0,0.0,0,0.0
STABLE,False,54,0.871786,0.052113,0,0.0,0,0.0
STABLE,False,55,0.896776,0.062279,0,0.0,0,0.0
STABLE,False,56,0.91962,0.054412,0,0.0,0,0.0
STABLE,False,57,0.898584,0.036689,0,0.0,0,0.0
STABLE,False,58,0.849219,0.030623,0,0.0,0,0.0
STABLE,False,59,0.845174,0.037348,0,0.0,0,0.0
STABLE,False,60,0.810585,0.050789,0,0.0,0,0.0
STABLE,False,61,0.818409,0.040933,0,0.0,0,0.0
STABLE,False,62,0.80625,0.024155,0,0.0,0,0.0
STABLE,False,63,0.908033,0.050291,0,0.0,0,0.0
STABLE,False,64,0.852889,0.050771,0,0.0,0,0.0
STABLE,False,65,0.907864,0.056029,0,0.0,0,0.0
STABLE,False,66,0.887818,0.049696,0,0.0,0,0.0
STABLE,False,67,0.907837,0.026872,0,0.0,0,0.0
STABLE,False,68,0.833196,0.038275,0,0.0,0,0.0
STABLE,False,69,0.816616,0.049351,0,0.0,0,0.0
STABLE,False,70,0.819338,0.049284,0,0.0,0,0.0
STABLE,False,71,0.816392,0.046831,0,0.0,0,0.0
STABLE,False,72,0.85512,0.020041,0,0.0,0,0.0
STABLE,False,73,0.92668,0.056138,0,0.0,0,0.0
STABLE,False,74,0.913075,0.059588,0,0.0,0,0.0
STABLE,False,75,0.863717,0.051358,0,0.0,0,0.0
STABLE,False,76,0.825359,0.048022,0,0.0,0,0.0
STABLE,False,77,0.819443,0.056496,0,0.0,0,0.0
STABLE,False,78,0.805455,0.051513,0,0.0,0,0.0
STABLE,False,79,0.816029,0.026986,0,0.0,0,0.0
STABLE,False,80,0.822164,0.009361,0,0.0,0,0.0
STABLE,False,81,0.865483,0.027997,0,0.0,0,0.0
STABLE,False,82,0.864454,0.033853,0,0.0,0,0.0
STABLE,False,83,0.892174,0.037734,0,0.0,0,0.0
STABLE,False,84,0.901763,0.035632,0,0.0,0,0.0
STABLE,False,85,0.825193,0.034294,0,0.0,0,0.0
STABLE,False,86,0.798078,0.051494,0,0.0,0,0.0
STABLE,False,87,0.80439,0.058289,0,0.0,0,0.0
STABLE,False,88,0.818603,0.050343,0,0.0,0,0.0
STABLE,False,89,0.788313,0.018601,0,0.0,0,0.0
STABLE,False,90,0.905202,0.057472,0,0.0,0,0.0
STABLE,False,91,0.868371,0.057944,0,0.0,0,0.0
STABLE,False,92,0.858016,0.053456,0,0.0,0,0.0
STABLE,False,93,0.897017,0.053609,0,0.0,0,0.0
STABLE,False,94,0.871302,0.022862,0,0.0,0,0.0
STABLE,False,95,0.853589,0.019469,0,0.0,0,0.0
STABLE,False,96,0.801664,0.040782,0,0.0,0,0.0
STABLE,False,97,0.802153,0.050148,0,0.0,0,0.0
STABLE,False,98,0.906273,0.053501,0,0.0,0,0.0
STABLE,False,99,0.888636,0.056687,0,0.0,0,0.0
DRIFTING,True,0,0.844788,0.0,0,0.1,1,0.822643
DRIFTING,True,1,0.872012,0.0,0,0.137593,2,0.822643
DRIFTING,True,2,0.835313,0.018719,0,0.169432,3,0.81581
DRIFTING,True,3,0.803795,0.030323,0,0.193593,4,0.810795
DRIFTING,True,4,0.853841,0.027441,0,0.204846,5,0.812102
DRIFTING,True,5,0.915043,0.044729,0,0.20127,6,0.803612
DRIFTING,True,6,0.847471,0.039556,0,0.198549,7,0.806321
DRIFTING,True,7,0.793062,0.047713,0,0.193926,8,0.801979
DRIFTING,True,8,0.784106,0.051726,0,0.208576,9,0.7997
DRIFTING,True,9,0.800243,0.048106,0,0.224278,10,0.80176
DRIFTING,True,10,0.73918,0.061206,0,0.234442,11,0.793918
DRIFTING,True,11,0.716871,0.070352,0,0.24323,12,0.787776
DRIFTING,True,12,0.775932,0.061605,0,0.249369,13,0.793662
DRIFTING,True,13,0.755019,0.056811,0,0.239988,14,0.79667
DRIFTING,True,14,0.758074,0.049131,0,0.235469,15,0.801185
DRIFTING,True,15,0.734984,0.036514,0,0.226191,16,0.807845
DRIFTING,True,16,0.766403,0.027724,0,0.251997,17,0.811975
DRIFTING,True,17,0.784276,0.028181,0,0.270993,18,0.81177
DRIFTING,True,18,0.775265,0.025963,0,0.244181,19,0.812755
DRIFTING,True,19,0.735341,0.026868,0,0.23099,20,0.812357
DRIFTING,True,20,0.750453,0.024245,0,0.238611,21,0.813502
DRIFTING,True,21,0.748587,0.020666,0,0.253946,22,0.825753
DRIFTING,True,22,0.693343,0.038339,0,0.264787,23,0.801133
DRIFTING,True,23,0.682415,0.048633,0,0.266529,24,0.785182
DRIFTING,True,24,0.714233,0.043444,0,0.276692,25,0.793372
DRIFTING,True,25,0.69153,0.043342,0,0.293041,26,0.79353
DRIFTING,True,26,0.702672,0.037914,0,0.306689,27,0.801766
DRIFTING,True,27,0.657349,0.044119,0,0.305463,28,0.792324
DRIFTING,True,28,0.674578,0.037604,0,0.308195,29,0.802227
DRIFTING,True,29,0.604313,0.062616,0,0.289512,30,0.761612
DRIFTING,True,30,0.662507,0.052464,0,0.30073,31,0.778941
DRIFTING,True,31,0.67708,0.043909,0,0.305677,32,0.79265
DRIFTING,True,32,0.701401,0.04425,0,0.311465,33,0.792121
DRIFTING,True,33,0.63438,0.047105,0,0.314746,34,0.787626
DRIFTING,True,34,0.660753,0.040442,0,0.321005,35,0.797972
DRIFTING,True,35,0.64801,0.036989,0,0.301424,36,0.803136
DRIFTING,True,36,0.67667,0.033652,0,0.308937,37,0.808
DRIFTING,True,37,0.587496,0.056826,0,0.292267,38,0.771636
DRIFTING,True,38,0.636978,0.050933,0,0.292941,39,0.781455
DRIFTING,True,39,0.631054,0.045078,0,0.285624,40,0.790827
DRIFTING,True,40,0.608039,0.04571,0,0.268939,41,0.789833
DRIFTING,True,41,0.606049,0.043116,0,0.245671,42,0.793879
DRIFTING,True,42,0.632343,0.034419,0,0.239801,43,0.806894
DRIFTING,True,43,0.544353,0.063921,0,0.251233,44,0.7593
DRIFTING,True,44,0.618995,0.056339,0,0.259308,45,0.772462
DRIFTING,True,45,0.610279,0.048705,0,0.264581,46,0.785068
DRIFTING,True,46,0.566155,0.0496,0,0.278143,47,0.783623
DRIFTING,True,47,0.597278,0.043825,0,0.290121,48,0.792782
DRIFTING,True,48,0.558439,0.046939,0,0.297264,49,0.787889
DRIFTING,True,49,0.542213,0.051893,0,0.290426,50,0.779883
DRIFTING,True,50,0.492922,0.078025,0,0.300835,51,0.733164
DRIFTING,True,51,0.520737,0.070652,0,0.308063,52,0.747091
DRIFTING,True,52,0.553234,0.059188,0,0.308745,53,0.767591
DRIFTING,True,53,0.546831,0.052906,0,0.30394,54,0.778211
DRIFTING,True,54,0.574414,0.049112,0,0.3075,55,0.784411
DRIFTING,True,55,0.505851,0.054211,0,0.317527,56,0.776041
DRIFTING,True,56,0.598317,0.0654,0,0.308693,57,0.756659
DRIFTING,True,57,0.459906,0.097018,0,0.311222,58,0.694829
DRIFTING,True,58,0.534054,0.085609,0,0.319253,59,0.718264
DRIFTING,True,59,0.539505,0.072331,0,0.327692,60,0.743968
DRIFTING,True,60,0.486597,0.074867,0,0.3252,61,0.739198
DRIFTING,True,61,0.491614,0.069735,0,0.329413,62,0.748781
DRIFTING,True,62,0.441464,0.088859,0,0.321654,63,0.711708
DRIFTING,True,63,0.510717,0.074423,0,0.318819,64,0.740039
DRIFTING,True,64,0.479173,0.065436,0,0.328696,65,0.756595
DRIFTING,True,65,0.433971,0.079757,0,0.33165,66,0.729812
DRIFTING,True,66,0.428954,0.07489,0,0.334572,67,0.739154
DRIFTING,True,67,0.392928,0.09609,0,0.328674,68,0.696779
DRIFTING,True,68,0.41219,0.081066,0,0.319,69,0.727258
DRIFTING,True,69,0.432032,0.066916,0,0.325791,70,0.753927
DRIFTING,True,70,0.411423,0.062556,0,0.316897,71,0.761717
DRIFTING,True,71,0.432594,0.052207,0,0.286756,72,0.779365
DRIFTING,True,72,0.369585,0.077084,0,0.289009,73,0.734972
DRIFTING,True,73,0.377619,0.068915,0,0.311862,74,0.750288
DRIFTING,True,74,0.330962,0.097871,0,0.306425,75,0.69303
DRIFTING,True,75,0.412808,0.090588,0,0.31123,76,0.708182
DRIFTING,True,76,0.368977,0.079414,0,0.3218,77,0.730478
DRIFTING,True,77,0.371714,0.070018,0,0.326189,78,0.748261
DRIFTING,True,78,0.365026,0.063708,0,0.307231,79,0.759679
DRIFTING,True,79,0.405392,0.062978,0,0.305183,80,0.760972
DRIFTING,True,80,0.346268,0.069334,0,0.290946,81,0.74952
DRIFTING,True,81,0.376292,0.056752,0,0.297577,82,0.771761
DRIFTING,True,82,0.408966,0.063962,0,0.305756,83,0.759227
DRIFTING,True,83,0.342078,0.073976,0,0.296106,84,0.740881
DRIFTING,True,84,0.389423,0.065013,0,0.288947,85,0.757353
DRIFTING,True,85,0.384438,0.055833,0,0.269923,86,0.773317
DRIFTING,True,86,0.370499,0.050322,0,0.265195,87,0.782452
DRIFTING,True,87,0.263707,0.145684,0,0.269803,88,0.585112
DRIFTING,True,88,0.289103,0.152342,0,0.296321,89,0.569511
DRIFTING,True,89,0.298242,0.116937,0,0.291188,90,0.651406
DRIFTING,True,90,0.251105,0.151541,0,0.2958,91,0.571389
DRIFTING,True,91,0.330069,0.123147,0,0.297792,92,0.637353
DRIFTING,True,92,0.264761,0.12392,0,0.308061,93,0.635588
DRIFTING,True,93,0.283923,0.098899,0,0.298336,94,0.690854
DRIFTING,True,94,0.313938,0.09286,0,0.308825,95,0.703505
DRIFTING,True,95,0.313851,0.078453,0,0.32292,96,0.732338
DRIFTING,True,96,0.273763,0.076885,0,0.306396,97,0.735353
DRIFTING,True,97,0.285232,0.066311,0,0.313357,98,0.75502
DRIFTING,True,98,0.239097,0.101977,0,0.311286,99,0.684292
DRIFTING,True,99,0.239797,0.10652,0,0.309055,100,0.674469
DRIFTING,False,0,0.844788,0.0,0,0.0,0,0.0
DRIFTING,False,1,0.791505,0.046051,0,0.0,0,0.0
DRIFTING,False,2,0.821083,0.03259,0,0.0,0,0.0
DRIFTING,False,3,0.811063,0.027127,0,0.0,0,0.0
DRIFTING,False,4,0.838727,0.026166,0,0.0,0,0.0
DRIFTING,False,5,0.833605,0.023045,0,0.0,0,0.0
DRIFTING,False,6,0.787572,0.02486,0,0.0,0,0.0
DRIFTING,False,7,0.778143,0.033256,0,0.0,0,0.0
DRIFTING,False,8,0.78041,0.037208,0,0.0,0,0.0
DRIFTING,False,9,0.840837,0.037967,0,0.0,0,0.0
DRIFTING,False,10,0.773381,0.03502,0,0.0,0,0.0
DRIFTING,False,11,0.746911,0.044031,0,0.0,0,0.0
DRIFTING,False,12,0.816358,0.046808,0,0.0,0,0.0
DRIFTING,False,13,0.774225,0.047596,0,0.0,0,0.0
DRIFTING,False,14,0.806766,0.035805,0,0.0,0,0.0
DRIFTING,False,15,0.785288,0.034962,0,0.0,0,0.0
DRIFTING,False,16,0.799802,0.021126,0,0.0,0,0.0
DRIFTING,False,17,0.775043,0.018561,0,0.0,0,0.0
DRIFTING,False,18,0.756043,0.025727,0,0.0,0,0.0
DRIFTING,False,19,0.711682,0.044512,0,0.0,0,0.0
DRIFTING,False,20,0.720441,0.049055,0,0.0,0,0.0
DRIFTING,False,21,0.693464,0.045658,0,0.0,0,0.0
DRIFTING,False,22,0.72898,0.031961,0,0.0,0,0.0
DRIFTING,False,23,0.71166,0.018489,0,0.0,0,0.0
DRIFTING,False,24,0.718136,0.018629,0,0.0,0,0.0
DRIFTING,False,25,0.642142,0.048988,0,0.0,0,0.0
DRIFTING,False,26,0.716157,0.049528,0,0.0,0,0.0
DRIFTING,False,27,0.720793,0.047741,0,0.0,0,0.0
DRIFTING,False,28,0.694551,0.047416,0,0.0,0,0.0
DRIFTING,False,29,0.689213,0.045149,0,0.0,0,0.0
DRIFTING,False,30,0.667688,0.03088,0,0.0,0,0.0
DRIFTING,False,31,0.651168,0.038875,0,0.0,0,0.0
DRIFTING,False,32,0.660993,0.02757,0,0.0,0,0.0
DRIFTING,False,33,0.635027,0.030377,0,0.0,0,0.0
DRIFTING,False,34,0.641374,0.020685,0,0.0,0,0.0
DRIFTING,False,35,0.641598,0.015723,0,0.0,0,0.0
DRIFTING,False,36,0.609018,0.029352,0,0.0,0,0.0
DRIFTING,False,37,0.62579,0.021651,0,0.0,0,0.0
DRIFTING,False,38,0.623093,0.02184,0,0.0,0,0.0
DRIFTING,False,39,0.60763,0.022371,0,0.0,0,0.0
DRIFTING,False,40,0.587598,0.024934,0,0.0,0,0.0
DRIFTING,False,41,0.596053,0.027316,0,0.0,0,0.0
DRIFTING,False,42,0.575576,0.030576,0,0.0,0,0.0
DRIFTING,False,43,0.613343,0.025497,0,0.0,0,0.0
DRIFTING,False,44,0.5945,0.023188,0,0.0,0,0.0
DRIFTING,False,45,0.578184,0.025884,0,0.0,0,0.0
DRIFTING,False,46,0.562726,0.033384,0,0.0,0,0.0
DRIFTING,False,47,0.54521,0.045929,0,0.0,0,0.0
DRIFTING,False,48,0.50877,0.059105,0,0.0,0,0.0
DRIFTING,False,49,0.554007,0.047212,0,0.0,0,0.0
DRIFTING,False,50,0.559056,0.03993,0,0.0,0,0.0
DRIFTING,False,51,0.512886,0.043918,0,0.0,0,0.0
DRIFTING,False,52,0.466937,0.072381,0,0.0,0,0.0
DRIFTING,False,53,0.532528,0.071105,0,0.0,0,0.0
DRIFTING,False,54,0.501258,0.066977,0,0.0,0,0.0
DRIFTING,False,55,0.569285,0.073363,0,0.0,0,0.0
DRIFTING,False,56,0.460553,0.090126,0,0.0,0,0.0
DRIFTING,False,57,0.52817,0.077913,0,0.0,0,0.0
DRIFTING,False,58,0.466837,0.089153,0,0.0,0,0.0
DRIFTING,False,59,0.484389,0.091729,0,0.0,0,0.0
DRIFTING,False,60,0.477632,0.055058,0,0.0,0,0.0
DRIFTING,False,61,0.499907,0.048441,0,0.0,0,0.0
DRIFTING,False,62,0.468205,0.028213,0,0.0,0,0.0
DRIFTING,False,63,0.494812,0.02639,0,0.0,0,0.0
DRIFTING,False,64,0.45545,0.038478,0,0.0,0,0.0
DRIFTING,False,65,0.447438,0.049384,0,0.0,0,0.0
DRIFTING,False,66,0.488962,0.043701,0,0.0,0,0.0
DRIFTING,False,67,0.474424,0.04354,0,0.0,0,0.0
DRIFTING,False,68,0.465962,0.034786,0,0.0,0,0.0
DRIFTING,False,69,0.443812,0.040559,0,0.0,0,0.0
DRIFTING,False,70,0.462817,0.03539,0,0.0,0,0.0
DRIFTING,False,71,0.38934,0.076608,0,0.0,0,0.0
DRIFTING,False,72,0.404644,0.079963,0,0.0,0,0.0
DRIFTING,False,73,0.379789,0.085955,0,0.0,0,0.0
DRIFTING,False,74,0.407461,0.078859,0,0.0,0,0.0
DRIFTING,False,75,0.340568,0.070156,0,0.0,0,0.0
DRIFTING,False,76,0.348486,0.082329,0,0.0,0,0.0
DRIFTING,False,77,0.368439,0.072032,0,0.0,0,0.0
DRIFTING,False,78,0.363805,0.07081,0,0.0,0,0.0
DRIFTING,False,79,0.39265,0.055523,0,0.0,0,0.0
DRIFTING,False,80,0.365931,0.043205,0,0.0,0,0.0
DRIFTING,False,81,0.350768,0.041312,0,0.0,0,0.0
DRIFTING,False,82,0.32789,0.065575,0,0.0,0,0.0
DRIFTING,False,83,0.309535,0.092726,0,0.0,0,0.0
DRIFTING,False,84,0.372947,0.076624,0,0.0,0,0.0
DRIFTING,False,85,0.430194,0.130493,0,0.0,0,0.0
DRIFTING,False,86,0.348433,0.130957,0,0.0,0,0.0
DRIFTING,False,87,0.343071,0.124389,0,0.0,0,0.0
DRIFTING,False,88,0.292746,0.139914,0,0.0,0,0.0
DRIFTING,False,89,0.2856,0.170278,0,0.0,0,0.0
DRIFTING,False,90,0.266074,0.119097,0,0.0,0,0.0
DRIFTING,False,91,0.355047,0.12485,0,0.0,0,0.0
DRIFTING,False,92,0.254577,0.134086,0,0.0,0,0.0
DRIFTING,False,93,0.29816,0.134075,0,0.0,0,0.0
DRIFTING,False,94,0.346193,0.149847,0,0.0,0,0.0
DRIFTING,False,95,0.28761,0.136051,0,0.0,0,0.0
DRIFTING,False,96,0.298287,0.110546,0,0.0,0,0.0
DRIFTING,False,97,0.220059,0.156003,0,0.0,0,0.0
DRIFTING,False,98,0.244857,0.175339,0,0.0,0,0.0
DRIFTING,False,99,0.258737,0.121284,0,0.0,0,0.0
MIXED,True,0,0.776511,0.0,0,0.1,1,0.822643
MIXED,True,1,0.887024,0.0,0,0.135159,2,0.822643
MIXED,True,2,0.92,0.067609,0,0.16463,3,0.686085
MIXED,True,3,0.882614,0.048873,0,0.184874,4,0.710945
MIXED,True,4,0.693898,0.117159,0,0.199819,5,0.746199
MIXED,True,5,0.608248,0.164817,0,0.215223,6,0.683343
MIXED,True,6,0.59424,0.176673,0,0.227334,7,0.664326
MIXED,True,7,0.734149,0.141797,0,0.234155,8,0.716453
MIXED,True,8,0.92,0.169111,0,0.243158,9,0.676604
MIXED,True,9,0.92,0.154161,0,0.245929,10,0.699308
MIXED,True,10,0.830381,0.129809,0,0.263861,11,0.731655
MIXED,True,11,0.686347,0.141504,0,0.267086,12,0.716841
MIXED,True,12,0.548782,0.196263,0,0.267962,13,0.630227
MIXED,True,13,0.661142,0.162906,0,0.260783,14,0.686285
MIXED,True,14,0.768059,0.144629,0,0.270439,15,0.712659
MIXED,True,15,0.899828,0.157839,0,0.279702,16,0.693921
MIXED,True,16,0.92,0.14847,0,0.270507,17,0.707386
MIXED,True,17,0.829819,0.125957,0,0.282246,18,0.736244
MIXED,True,18,0.64881,0.152213,0,0.29443,19,0.702109
MIXED,True,19,0.563034,0.191587,0,0.289911,20,0.638646
MIXED,True,20,0.597717,0.176113,0,0.2877,21,0.665253
MIXED,True,21,0.721264,0.147941,0,0.291655,22,0.52751
MIXED,True,22,0.835665,0.133995,0,0.295671,23,0.554505
MIXED,True,23,0.92,0.139729,0,0.300567,24,0.54346
MIXED,True,24,0.832672,0.101215,0,0.283464,25,0.614866
MIXED,True,25,0.664588,0.139509,0,0.272323,26,0.543884
MIXED,True,26,0.541168,0.198474,0,0.2691,27,0.43077
MIXED,True,27,0.573944,0.136877,0,0.282499,28,0.548964
MIXED,True,28,0.687022,0.130706,0,0.298881,29,0.560794
MIXED,True,29,0.890494,0.179024,0,0.301992,30,0.467137
MIXED,True,30,0.912208,0.132081,0,0.302712,31,0.558169
MIXED,True,31,0.755037,0.127474,0,0.305657,32,0.566936
MIXED,True,32,0.637619,0.15035,0,0.303632,33,0.522813
MIXED,True,33,0.502101,0.216419,0,0.304097,34,0.399176
MIXED,True,34,0.585495,0.124097,0,0.294288,35,0.573307
MIXED,True,35,0.730062,0.151395,0,0.303995,36,0.520774
MIXED,True,36,0.788894,0.128772,0,0.275343,37,0.564475
MIXED,True,37,0.869786,0.13437,0,0.275617,38,0.553786
MIXED,True,38,0.743606,0.104499,0,0.270927,39,0.609102
MIXED,True,39,0.622849,0.136147,0,0.271549,40,0.55037
MIXED,True,40,0.544172,0.165915,0,0.288397,41,0.492444
MIXED,True,41,0.561107,0.127274,0,0.280527,42,0.570854
MIXED,True,42,0.655791,0.114558,0,0.279395,43,0.595836
MIXED,True,43,0.83357,0.16382,0,0.281814,44,0.496998
MIXED,True,44,0.864929,0.132028,0,0.276504,45,0.561353
MIXED,True,45,0.76584,0.110543,0,0.273593,46,0.603562
MIXED,True,46,0.581472,0.167331,0,0.251838,47,0.489934
MIXED,True,47,0.558415,0.161461,0,0.253887,48,0.501759
MIXED,True,48,0.560612,0.131641,0,0.245271,49,0.562128
MIXED,True,49,0.704196,0.129943,0,0.258875,50,0.565529
MIXED,True,50,0.823485,0.149813,0,0.260848,51,0.525379
MIXED,True,51,0.851948,0.124232,0,0.267632,52,0.576893
MIXED,True,52,0.740512,0.107276,0,0.243442,53,0.609778
MIXED,True,53,0.637626,0.125456,0,0.246759,54,0.574469
MIXED,True,54,0.521789,0.180432,0,0.25708,55,0.46392
MIXED,True,55,0.520825,0.146111,0,0.258721,56,0.532898
MIXED,True,56,0.647687,0.12871,0,0.255312,57,0.567993
MIXED,True,57,0.824245,0.174936,0,0.253766,58,0.474755
MIXED,True,58,0.834673,0.128071,0,0.270466,59,0.569267
MIXED,True,59,0.722316,0.117858,0,0.268174,60,0.589425
MIXED,True,60,0.509143,0.206881,0,0.273016,61,0.414094
MIXED,True,61,0.500976,0.178917,0,0.263058,62,0.468605
MIXED,True,62,0.537349,0.13634,0,0.27755,63,0.55494
MIXED,True,63,0.627166,0.129658,0,0.27455,64,0.568445
MIXED,True,64,0.758361,0.154057,0,0.260516,65,0.518792
MIXED,True,65,0.855018,0.153398,0,0.266979,66,0.520138
MIXED,True,66,0.64701,0.143259,0,0.278945,67,0.540855
MIXED,True,67,0.5591,0.163944,0,0.275501,68,0.49865
MIXED,True,68,0.453322,0.211335,0,0.281364,69,0.407499
MIXED,True,69,0.496268,0.129007,0,0.295745,70,0.569754
MIXED,True,70,0.630006,0.153598,0,0.293254,71,0.519729
MIXED,True,71,0.788154,0.180891,0,0.302558,72,0.464706
MIXED,True,72,0.777896,0.124854,0,0.301165,73,0.57807
MIXED,True,73,0.727905,0.11724,0,0.305011,74,0.593134
MIXED,True,74,0.544824,0.166725,0,0.309172,75,0.493017
MIXED,True,75,0.495743,0.179172,0,0.312245,76,0.4681
MIXED,True,76,0.515539,0.131615,0,0.318529,77,0.564503
MIXED,True,77,0.665853,0.144497,0,0.304075,78,0.538328
MIXED,True,78,0.809562,0.173229,0,0.293202,79,0.479928
MIXED,True,79,0.767216,0.115827,0,0.280848,80,0.595899
MIXED,True,80,0.669865,0.119064,0,0.282028,81,0.589549
MIXED,True,81,0.489891,0.197094,0,0.264789,82,0.432323
MIXED,True,82,0.454073,0.192691,0,0.273401,83,0.440578
MIXED,True,83,0.430082,0.166362,0,0.275083,84,0.492014
MIXED,True,84,0.628879,0.178465,0,0.276262,85,0.468001
MIXED,True,85,0.778579,0.192795,0,0.26993,86,0.440383
MIXED,True,86,0.78503,0.133727,0,0.265751,87,0.557755
MIXED,True,87,0.644655,0.141413,0,0.267766,88,0.542327
MIXED,True,88,0.534754,0.164638,0,0.250869,89,0.49547
MIXED,True,89,0.412648,0.234966,0,0.260799,90,0.367379
MIXED,True,90,0.380948,0.183237,0,0.271215,91,0.458688
MIXED,True,91,0.61151,0.206897,0,0.274327,92,0.414409
MIXED,True,92,0.722003,0.179053,0,0.289189,93,0.466848
MIXED,True,93,0.747851,0.14571,0,0.292595,94,0.533658
MIXED,True,94,0.668936,0.123163,0,0.307975,95,0.578693
MIXED,True,95,0.520889,0.16635,0,0.306657,96,0.492038
MIXED,True,96,0.457902,0.183519,0,0.296261,97,0.458141
MIXED,True,97,0.454331,0.145851,0,0.295061,98,0.533374
MIXED,True,98,0.533914,0.124885,0,0.306622,99,0.575307
MIXED,True,99,0.714969,0.185219,0,0.296465,100,0.454851
MIXED,False,0,0.776511,0.0,0,0.0,0,0.0
MIXED,False,1,0.92,0.119612,0,0.0,0,0.0
MIXED,False,2,0.92,0.094985,0,0.0,0,0.0
MIXED,False,3,0.877371,0.077497,0,0.0,0,0.0
MIXED,False,4,0.703372,0.114406,0,0.0,0,0.0
MIXED,False,5,0.633437,0.164634,0,0.0,0,0.0
MIXED,False,6,0.626746,0.183316,0,0.0,0,0.0
MIXED,False,7,0.740576,0.142348,0,0.0,0,0.0
MIXED,False,8,0.92,0.164364,0,0.0,0,0.0
MIXED,False,9,0.895392,0.182999,0,0.0,0,0.0
MIXED,False,10,0.867363,0.15256,0,0.0,0,0.0
MIXED,False,11,0.660358,0.136434,0,0.0,0,0.0
MIXED,False,12,0.608807,0.182941,0,0.0,0,0.0
MIXED,False,13,0.588229,0.202142,0,0.0,0,0.0
MIXED,False,14,0.778686,0.169736,0,0.0,0,0.0
MIXED,False,15,0.897426,0.183578,0,0.0,0,0.0
MIXED,False,16,0.92,0.205471,0,0.0,0,0.0
MIXED,False,17,0.792071,0.165321,0,0.0,0,0.0
MIXED,False,18,0.616309,0.150542,0,0.0,0,0.0
MIXED,False,19,0.594175,0.200203,0,0.0,0,0.0
MIXED,False,20,0.633473,0.197448,0,0.0,0,0.0
MIXED,False,21,0.761789,0.133325,0,0.0,0,0.0
MIXED,False,22,0.853597,0.161124,0,0.0,0,0.0
MIXED,False,23,0.902923,0.179219,0,0.0,0,0.0
MIXED,False,24,0.842757,0.131994,0,0.0,0,0.0
MIXED,False,25,0.672453,0.112247,0,0.0,0,0.0
MIXED,False,26,0.552378,0.192485,0,0.0,0,0.0
MIXED,False,27,0.561652,0.227199,0,0.0,0,0.0
MIXED,False,28,0.716614,0.179318,0,0.0,0,0.0
MIXED,False,29,0.851951,0.183817,0,0.0,0,0.0
MIXED,False,30,0.892341,0.22133,0,0.0,0,0.0
MIXED,False,31,0.822637,0.172885,0,0.0,0,0.0
MIXED,False,32,0.625012,0.139607,0,0.0,0,0.0
MIXED,False,33,0.483166,0.237243,0,0.0,0,0.0
MIXED,False,34,0.575469,0.252821,0,0.0,0,0.0
MIXED,False,35,0.742437,0.207004,0,0.0,0,0.0
MIXED,False,36,0.897033,0.240871,0,0.0,0,0.0
MIXED,False,37,0.909066,0.26351,0,0.0,0,0.0
MIXED,False,38,0.731633,0.178215,0,0.0,0,0.0
MIXED,False,39,0.63808,0.148514,0,0.0,0,0.0
MIXED,False,40,0.504774,0.23427,0,0.0,0,0.0
MIXED,False,41,0.554929,0.239729,0,0.0,0,0.0
MIXED,False,42,0.672561,0.146543,0,0.0,0,0.0
MIXED,False,43,0.837723,0.199698,0,0.0,0,0.0
MIXED,False,44,0.914766,0.2536,0,0.0,0,0.0
MIXED,False,45,0.722803,0.189993,0,0.0,0,0.0
MIXED,False,46,0.594331,0.171368,0,0.0,0,0.0
MIXED,False,47,0.498574,0.239059,0,0.0,0,0.0
MIXED,False,48,0.537586,0.258289,0,0.0,0,0.0
MIXED,False,49,0.702259,0.161858,0,0.0,0,0.0
MIXED,False,50,0.800897,0.19778,0,0.0,0,0.0
MIXED,False,51,0.883032,0.24165,0,0.0,0,0.0
MIXED,False,52,0.769152,0.175755,0,0.0,0,0.0
MIXED,False,53,0.638595,0.123205,0,0.0,0,0.0
MIXED,False,54,0.500236,0.209323,0,0.0,0,0.0
MIXED,False,55,0.479245,0.264968,0,0.0,0,0.0
MIXED,False,56,0.684411,0.200581,0,0.0,0,0.0
MIXED,False,57,0.85011,0.239279,0,0.0,0,0.0
MIXED,False,58,0.874851,0.27555,0,0.0,0,0.0
MIXED,False,59,0.740483,0.218263,0,0.0,0,0.0
MIXED,False,60,0.624404,0.141538,0,0.0,0,0.0
MIXED,False,61,0.506869,0.215237,0,0.0,0,0.0
MIXED,False,62,0.504813,0.244317,0,0.0,0,0.0
MIXED,False,63,0.683125,0.171901,0,0.0,0,0.0
MIXED,False,64,0.822151,0.211449,0,0.0,0,0.0
MIXED,False,65,0.821974,0.237119,0,0.0,0,0.0
MIXED,False,66,0.717518,0.183657,0,0.0,0,0.0
MIXED,False,67,0.604861,0.128086,0,0.0,0,0.0
MIXED,False,68,0.467217,0.221395,0,0.0,0,0.0
MIXED,False,69,0.501236,0.238177,0,0.0,0,0.0
MIXED,False,70,0.638223,0.174239,0,0.0,0,0.0
MIXED,False,71,0.714206,0.172619,0,0.0,0,0.0
MIXED,False,72,0.812827,0.230679,0,0.0,0,0.0
MIXED,False,73,0.724118,0.172042,0,0.0,0,0.0
MIXED,False,74,0.50384,0.170459,0,0.0,0,0.0
MIXED,False,75,0.467582,0.23353,0,0.0,0,0.0
MIXED,False,76,0.46408,0.273575,0,0.0,0,0.0
MIXED,False,77,0.608938,0.201972,0,0.0,0,0.0
MIXED,False,78,0.791291,0.243889,0,0.0,0,0.0
MIXED,False,79,0.783335,0.25835,0,0.0,0,0.0
MIXED,False,80,0.695775,0.203878,0,0.0,0,0.0
MIXED,False,81,0.544755,0.157505,0,0.0,0,0.0
MIXED,False,82,0.43367,0.24054,0,0.0,0,0.0
MIXED,False,83,0.496337,0.245036,0,0.0,0,0.0
MIXED,False,84,0.585372,0.178996,0,0.0,0,0.0
MIXED,False,85,0.762849,0.220386,0,0.0,0,0.0
MIXED,False,86,0.805245,0.263817,0,0.0,0,0.0
MIXED,False,87,0.655703,0.191396,0,0.0,0,0.0
MIXED,False,88,0.565495,0.157287,0,0.0,0,0.0
MIXED,False,89,0.403347,0.252756,0,0.0,0,0.0
MIXED,False,90,0.43192,0.289105,0,0.0,0,0.0
MIXED,False,91,0.535771,0.197853,0,0.0,0,0.0
MIXED,False,92,0.679394,0.211636,0,0.0,0,0.0
MIXED,False,93,0.757264,0.273991,0,0.0,0,0.0
MIXED,False,94,0.711638,0.217046,0,0.0,0,0.0
MIXED,False,95,0.46808,0.194913,0,0.0,0,0.0
MIXED,False,96,0.400575,0.262846,0,0.0,0,0.0
MIXED,False,97,0.416708,0.308995,1,0.0,0,0.0
MIXED,False,98,0.534652,0.249101,0,0.0,0,0.0
MIXED,False,99,0.765786,0.28715,0,0.0,0,0.0
